sa3_code,sa3_name,chsp_recipients,home_care_recipients,residential_recipients,total_recipients
10102,Queanbeyan,1046,498,271,1815
10103,Snowy Mountains,669,187,74,930
10104,South Coast,3753,1957,914,6624
10105,Goulburn - Mulwaree,1442,707,390,2539
10106,Young - Yass,1636,414,338,2388
10201,Gosford,6887,2745,1770,11402
10202,Wyong,6788,2946,1778,11512
10301,Bathurst,1766,458,548,2772
10302,Lachlan Valley,3738,691,536,4965
10303,Lithgow - Mudgee,2212,504,361,3077
10304,Orange,2274,611,607,3492
10401,Clarence Valley,3250,1272,624,5146
10402,Coffs Harbour,5008,1515,881,7404
10501,Bourke - Cobar - Coonamble,943,317,79,1339
10502,Broken Hill and Far West,902,169,180,1251
10503,Dubbo,3179,1281,752,5212
10601,Lower Hunter,2936,830,651,4417
10602,Maitland,2830,868,652,4350
10603,Port Stephens,3481,1456,602,5539
10604,Upper Hunter,1233,281,212,1726
10701,Dapto - Port Kembla,2967,953,808,4728
10702,Illawarra Catchment Reserve,28,0,0,28
10703,Kiama - Shellharbour,3421,1038,782,5241
10704,Wollongong,4059,1255,1013,6327
10801,Great Lakes,1888,1316,560,3764
10802,Kempsey - Nambucca,2729,1181,699,4609
10803,Lord Howe Island,0,12,0,12
10804,Port Macquarie,5133,2288,1234,8655
10805,Taree - Gloucester,2969,2121,612,5702
10901,Albury,2706,904,691,4301
10902,Lower Murray,793,163,100,1056
10903,Upper Murray exc. Albury,2577,670,434,3681
11001,Armidale,1681,351,295,2327
11002,Inverell - Tenterfield,2683,457,388,3528
11003,Moree - Narrabri,844,199,156,1199
11004,Tamworth - Gunnedah,4001,739,757,5497
11101,Lake Macquarie - East,5042,1695,1092,7829
11102,Lake Macquarie - West,3491,1147,1115,5753
11103,Newcastle,5421,2022,1991,9434
11201,Richmond Valley - Coastal,3944,1678,872,6494
11202,Richmond Valley - Hinterland,3321,1396,597,5314
11203,Tweed Valley,4879,2382,1245,8506
11301,Griffith - Murrumbidgee (West),1871,635,499,3005
11302,Tumut - Tumbarumba,747,206,95,1048
11303,Wagga Wagga,3807,1499,915,6221
11401,Shoalhaven,5337,1560,1180,8077
11402,Southern Highlands,1859,318,626,2803
11501,Baulkham Hills,4389,1241,1818,7448
11502,Dural - Wisemans Ferry,445,227,358,1030
11503,Hawkesbury,456,117,34,607
11504,Rouse Hill - McGraths Hill,661,211,113,985
11601,Blacktown,3698,1372,794,5864
11602,Blacktown - North,1948,627,373,2948
11603,Mount Druitt,2573,1021,752,4346
11701,Botany,1252,545,156,1953
11702,Marrickville - Sydenham - Petersham,976,441,303,1720
11703,Sydney Inner City,2930,1334,673,4937
11801,Eastern Suburbs - North,2510,852,934,4296
11802,Eastern Suburbs - South,3432,1328,1059,5819
11901,Bankstown,3717,2372,1659,7748
11902,Canterbury,3783,1904,866,6553
11903,Hurstville,4062,1976,1243,7281
11904,Kogarah - Rockdale,3964,1712,1373,7049
12001,Canada Bay,2200,853,672,3725
12002,Leichhardt,1096,349,332,1777
12003,Strathfield - Burwood - Ashfield,3669,1707,1425,6801
12101,Chatswood - Lane Cove,2633,915,837,4385
12102,Hornsby,2053,840,868,3761
12103,Ku-ring-gai,3343,1102,1461,5906
12104,North Sydney - Mosman,2229,604,504,3337
12201,Manly,828,217,166,1211
12202,Pittwater,1840,556,598,2994
12203,Warringah,4376,1432,1384,7192
12301,Camden,1493,261,527,2281
12302,Campbelltown (NSW),3937,1015,1282,6234
12303,Wollondilly,1182,197,260,1639
12401,Blue Mountains,2949,807,650,4406
12403,Penrith,3779,1161,1000,5940
12404,Richmond - Windsor,1187,346,378,1911
12405,St Marys,1240,473,234,1947
12501,Auburn,1340,1047,382,2769
12502,Carlingford,1638,821,207,2666
12503,Merrylands - Guildford,3735,2049,1041,6825
12504,Parramatta,3175,1441,1484,6100
12601,Pennant Hills - Epping,1237,495,282,2014
12602,Ryde - Hunters Hill,3780,1858,1464,7102
12701,Bringelly - Green Valley,1811,996,456,3263
12702,Fairfield,3591,3502,1312,8405
12703,Liverpool,2155,1439,592,4186
12801,Cronulla - Miranda - Caringbah,4454,1116,1187,6757
12802,Sutherland - Menai - Heathcote,3589,942,1306,5837
20101,Ballarat,4868,1451,1157,7476
20102,Creswick - Daylesford - Ballan,1359,362,281,2002
20103,Maryborough - Pyrenees,1699,269,266,2234
20201,Bendigo,4290,853,1134,6277
20202,Heathcote - Castlemaine - Kyneton,2592,416,541,3549
20203,Loddon - Elmore,918,102,56,1076
20301,Barwon - West,563,185,167,915
20302,Geelong,8282,2989,2321,13592
20303,Surf Coast - Bellarine Peninsula,4343,1141,931,6415
20401,Upper Goulburn Valley,3090,415,586,4091
20402,Wangaratta - Benalla,3287,382,591,4260
20403,Wodonga - Alpine,3813,490,583,4886
20501,Baw Baw,2623,783,526,3932
20502,Gippsland - East,3981,1403,493,5877
20503,Gippsland - South West,4420,1715,716,6851
20504,Latrobe Valley,3871,1576,917,6364
20505,Wellington,2419,969,428,3816
20601,Brunswick - Coburg,3024,1174,405,4603
20602,Darebin - South,1516,899,412,2827
20603,Essendon,1926,705,610,3241
20604,Melbourne City,1631,574,676,2881
20605,Port Phillip,1936,730,560,3226
20606,Stonnington - West,1380,468,188,2036
20607,Yarra,2558,1268,264,4090
20701,Boroondara,4187,2197,1943,8327
20702,Manningham - West,4090,2307,1246,7643
20703,Whitehorse - West,3323,2012,1049,6384
20801,Bayside,3703,942,1275,5920
20802,Glen Eira,4959,1863,1514,8336
20803,Kingston,5238,1442,1071,7751
20804,Stonnington - East,1056,364,643,2063
20901,Banyule,4877,1603,1106,7586
20902,Darebin - North,4070,1793,951,6814
20903,Nillumbik - Kinglake,1888,409,484,2781
20904,Whittlesea - Wallan,7257,2423,1556,11236
21001,Keilor,2787,1139,583,4509
21002,Macedon Ranges,992,188,261,1441
21003,Moreland - North,3536,1289,900,5725
21004,Sunbury,1529,323,183,2035
21005,Tullamarine - Broadmeadows,5828,1920,627,8375
21101,Knox,5482,2320,1449,9251
21102,Manningham - East,705,319,321,1345
21103,Maroondah,3429,1796,1262,6487
21104,Whitehorse - East,2166,1138,640,3944
21105,Yarra Ranges,3874,2239,1025,7138
21201,Cardinia,2633,759,720,4112
21202,Casey - North,3386,1615,1061,6062
21203,Casey - South,3742,1499,694,5935
21204,Dandenong,7537,3490,1624,12651
21205,Monash,6382,3433,2141,11956
21301,Brimbank,6352,2726,1159,10237
21302,Hobsons Bay,2821,912,761,4494
21303,Maribyrnong,1858,887,539,3284
21304,Melton - Bacchus Marsh,4805,1315,596,6716
21305,Wyndham,4443,1216,1163,6822
21401,Frankston,4160,1547,1294,7001
21402,Mornington Peninsula,6736,2841,2217,11794
21501,Grampians,4650,774,771,6195
21502,Mildura,3234,1029,565,4828
21503,Murray River - Swan Hill,3213,502,459,4174
21601,Campaspe,2317,633,503,3453
21602,Moira,2238,362,384,2984
21603,Shepparton,2651,598,687,3936
21701,Glenelg - Southern Grampians,1967,786,480,3233
21703,Colac - Corangamite,2412,549,359,3320
21704,Warrnambool,2402,969,532,3903
30101,Capalaba,2627,566,554,3747
30102,Cleveland - Stradbroke,4931,1275,956,7162
30103,Wynnum - Manly,2462,518,469,3449
30201,Bald Hills - Everton Park,1700,399,488,2587
30202,Chermside,3283,819,705,4807
30203,Nundah,1325,356,310,1991
30204,Sandgate,2919,677,705,4301
30301,Carindale,1859,388,457,2704
30302,Holland Park - Yeronga,1899,517,668,3084
30303,Mt Gravatt,2574,651,667,3892
30304,Nathan,1284,352,130,1766
30305,Rocklea - Acacia Ridge,1508,448,668,2624
30306,Sunnybank,1468,548,352,2368
30401,Centenary,1183,288,439,1910
30402,Kenmore - Brookfield - Moggill,1306,326,447,2079
30403,Sherwood - Indooroopilly,1460,296,323,2079
30404,The Gap - Enoggera,1742,415,553,2710
30501,Brisbane Inner,1389,298,414,2101
30502,Brisbane Inner - East,666,154,106,926
30503,Brisbane Inner - North,1875,488,751,3114
30504,Brisbane Inner - West,1126,281,271,1678
30601,Cairns - North,1555,661,408,2624
30602,Cairns - South,3657,1472,969,6098
30603,Innisfail - Cassowary Coast,1343,663,238,2244
30604,Port Douglas - Daintree,318,228,112,658
30605,Tablelands (East) - Kuranda,2217,769,257,3243
30701,Darling Downs (West) - Maranoa,1564,310,311,2185
30702,Darling Downs - East,1657,605,463,2725
30703,Granite Belt,1717,658,498,2873
30801,Central Highlands (Qld),425,155,46,626
30803,Rockhampton,4250,2450,979,7679
30804,Biloela,344,148,91,583
30805,Gladstone,1673,671,213,2557
30901,Broadbeach - Burleigh,2232,533,433,3198
30902,Coolangatta,1966,422,472,2860
30903,Gold Coast - North,3293,779,990,5062
30904,Gold Coast Hinterland,626,120,40,786
30905,Mudgeeraba - Tallebudgera,765,160,368,1293
30906,Nerang,2136,497,216,2849
30907,Ormeau - Oxenford,2912,729,721,4362
30908,Robina,1727,432,683,2842
30909,Southport,2208,621,1008,3837
30910,Surfers Paradise,1304,282,74,1660
31001,Forest Lake - Oxley,2314,807,448,3569
31002,Ipswich Hinterland,2005,635,378,3018
31003,Ipswich Inner,3949,790,905,5644
31004,Springfield - Redbank,1733,430,0,2163
31101,Beaudesert,770,201,216,1187
31102,Beenleigh,2020,440,237,2697
31103,Browns Plains,2327,677,518,3522
31104,Jimboomba,1319,296,141,1756
31105,Loganlea - Carbrook,2326,619,742,3687
31106,Springwood - Kingston,2401,714,549,3664
31201,Bowen Basin - North,903,156,144,1203
31202,Mackay,3780,546,804,5130
31203,Whitsunday,525,65,94,684
31301,Bribie - Beachmere,4057,1002,298,5357
31302,Caboolture,2627,1006,1195,4828
31303,Caboolture Hinterland,394,148,109,651
31304,Narangba - Burpengary,2643,749,589,3981
31305,Redcliffe,3478,1134,878,5490
31401,The Hills District,2004,594,169,2767
31402,North Lakes,2029,830,552,3411
31403,Strathpine,1242,389,297,1928
31501,Far North,837,265,65,1167
31502,Outback - North,840,107,47,994
31503,Outback - South,930,142,81,1153
31601,Buderim,2918,1441,458,4817
31602,Caloundra,5768,2589,1499,9856
31603,Maroochy,2446,1307,1136,4889
31605,Noosa,2047,954,656,3657
31606,Sunshine Coast Hinterland,2481,1101,248,3830
31607,Nambour,2303,1024,446,3773
31608,Noosa Hinterland,838,408,90,1336
31701,Toowoomba,6973,2372,1610,10955
31801,Charters Towers - Ayr - Ingham,2322,624,447,3393
31802,Townsville,6718,2113,1187,10018
31901,Bundaberg,5332,1599,824,7755
31902,Burnett,2160,665,416,3241
31903,Gympie - Cooloola,2149,1783,403,4335
31904,Hervey Bay,4728,1675,830,7233
31905,Maryborough,2757,904,500,4161
40101,Adelaide City,470,157,136,763
40102,Adelaide Hills,2526,651,587,3764
40103,Burnside,1992,591,472,3055
40104,Campbelltown (SA),2481,1246,610,4337
40105,Norwood - Payneham - St Peters,1586,742,385,2713
40106,Prospect - Walkerville,866,420,242,1528
40107,Unley,1529,596,975,3100
40201,Gawler - Two Wells,1641,439,353,2433
40202,Playford,2869,1324,811,5004
40203,Port Adelaide - East,2429,1188,603,4220
40204,Salisbury,4689,2143,1080,7912
40205,Tea Tree Gully,3725,1677,895,6297
40301,Holdfast Bay,1830,516,527,2873
40302,Marion,3868,1409,973,6250
40303,Mitcham,2354,808,836,3998
40304,Onkaparinga,6231,2600,1609,10440
40401,Charles Sturt,4679,2363,1345,8387
40402,Port Adelaide - West,2045,1095,539,3679
40403,West Torrens,2237,1227,840,4304
40501,Barossa,1878,345,352,2575
40502,Lower North,1263,308,310,1881
40503,Mid North,1708,334,310,2352
40504,Yorke Peninsula,2435,371,333,3139
40601,Eyre Peninsula and South West,2878,1172,245,4295
40602,Outback - North and East,982,416,100,1498
40701,Fleurieu - Kangaroo Island,3386,1575,614,5575
40702,Limestone Coast,3025,717,632,4374
40703,Murray and Mallee,4279,1576,644,6499
50101,Augusta - Margaret River - Busselton,1993,398,422,2813
50102,Bunbury,4128,899,764,5791
50103,Manjimup,864,239,135,1238
50201,Mandurah,5599,1324,878,7801
50301,Cottesloe - Claremont,1873,571,786,3230
50302,Perth City,1985,699,1651,4335
50401,Bayswater - Bassendean,2628,966,714,4308
50402,Mundaring,1296,366,167,1829
50403,Swan,2927,951,672,4550
50501,Joondalup,3628,1023,684,5335
50502,Stirling,7015,2090,1802,10907
50503,Wanneroo,4112,1347,1086,6545
50601,Armadale,2057,599,350,3006
50602,Belmont - Victoria Park,1746,619,654,3019
50603,Canning,3324,859,988,5171
50604,Gosnells,3134,965,707,4806
50605,Kalamunda,1901,535,430,2866
50606,Serpentine - Jarrahdale,453,142,68,663
50607,South Perth,1179,357,866,2402
50701,Cockburn,2534,1047,796,4377
50702,Fremantle,983,495,710,2188
50703,Kwinana,822,335,123,1280
50704,Melville,3365,1237,1341,5943
50705,Rockingham,3544,991,734,5269
50901,Albany,2454,838,415,3707
50902,Wheat Belt - North,1347,1437,145,2929
50903,Wheat Belt - South,697,323,140,1160
51001,Kimberley,458,150,116,724
51002,East Pilbara,134,36,38,208
51003,West Pilbara,76,33,16,125
51101,Esperance,460,87,100,647
51102,Gascoyne,152,36,0,188
51103,Goldfields,443,137,103,683
51104,Mid West,1664,364,277,2305
60101,Brighton,671,179,71,921
60102,Hobart - North East,2627,677,548,3852
60103,Hobart - North West,2498,796,559,3853
60104,Hobart - South and West,1454,384,211,2049
60105,Hobart Inner,1706,444,606,2756
60106,Sorell - Dodges Ferry,756,195,63,1014
60201,Launceston,4126,885,1072,6083
60202,Meander Valley - West Tamar,1101,222,84,1407
60203,North East,2207,476,221,2904
60301,Central Highlands (Tas.),406,111,18,535
60302,Huon - Bruny Island,771,269,101,1141
60303,South East Coast,414,117,49,580
60401,Burnie - Ulverstone,2764,765,532,4061
60402,Devonport,2537,713,479,3729
60403,West Coast,757,146,96,999
70101,Darwin City,503,118,85,706
70102,Darwin Suburbs,1495,343,157,1995
70103,Litchfield,313,116,0,429
70104,Palmerston,617,157,83,857
70201,Alice Springs,1063,159,152,1374
70202,Barkly,159,5,0,164
70203,Daly - Tiwi - West Arnhem,331,77,0,408
70204,East Arnhem,275,103,0,378
70205,Katherine,395,82,52,529
80101,Belconnen,2786,753,574,4113
80103,Canberra East,39,14,0,53
80104,Gungahlin,1217,305,0,1522
80105,North Canberra,1225,350,298,1873
80106,South Canberra,715,223,390,1328
80107,Tuggeranong,2524,900,368,3792
80108,Weston Creek,856,247,359,1462
80109,Woden Valley,1179,348,549,2076
80110,Molonglo,80,16,0,96
80111,Urriarra - Namadgi,9,1,0,10
90103,Jervis Bay,9,12,0,21
90104,Norfolk Island,159,0,0,159
